Workbook

Sheet README
A1: HVD DataScore Template
A3: Formål:
A4: Denne fil bruges til at samle submissions fra HVD diagnoseformularen, beregne en DataScore og klassificere sager som High/Medium/Low.
A6: Dato: | B6: 2025-11-27
A8: Arkoversigt:
A9: Raw_Data – indsæt eller importér alle formularsvar her (en række pr. sag)
A10: ScoreCalc – beregner DataScore og kategori ud fra felterne i Raw_Data
A11: Summary – giver et hurtigt overblik over antal sager i hver kategori

Sheet Raw_Data
A1: Værksted | B1: Kontaktperson | C1: E-mail | D1: VIN | E1: Mærke | F1: Model | G1: Årgang | H1: Kilometer | I1: Brændstof | J1: Gearkasse | K1: Marked | L1: Symptombeskrivelse | M1: DTC & Freeze frames | N1: Logs | O1: Foto/Video | P1: Historik | Q1: Udstyr/Kompetencer | R1: Prioritet

Sheet ScoreCalc
A1: Værksted | B1: Kontaktperson | C1: E-mail | D1: VIN | E1: Mærke | F1: Model | G1: Årgang | H1: Kilometer | I1: Brændstof | J1: Gearkasse | K1: Marked | L1: Symptombeskrivelse | M1: DTC & Freeze frames | N1: Logs | O1: Foto/Video | P1: Historik | Q1: Udstyr/Kompetencer | R1: Prioritet | S1: DataScore | T1: Kategori
A2: =Raw_Data!A2 | B2: =Raw_Data!B2 | C2: =Raw_Data!C2 | D2: =Raw_Data!D2 | E2: =Raw_Data!E2 | F2: =Raw_Data!F2 | G2: =Raw_Data!G2 | H2: =Raw_Data!H2 | ... R2: =Raw_Data!R2 | S2: =IF(LEN($D2)>=17,15,IF($D2<>"",8,0))+IF($E2<>"",8,0)+IF($F2<>"",8,0)+IF($G2<>"",4,0)+IF($H2<>"",4,0)+IF($I2<>"",4,0)+IF($J2<>"",4,0)+IF($K2<>"",4,0)+IF($L2<>"",10,0)+IF($M2<>"",20,0)+IF($N2<>"",7,0)+IF($O2<>"",4,0)+IF($P2<>"",4,0)+IF($Q2<>"",4,0) | T2: =IF($S2>=70,"High",IF($S2>=40,"Medium","Low"))
S3: =IF(LEN($D3)>=17,15,IF($D3<>"",8,0))+IF($E3<>"",8,0)+IF($F3<>"",8,0)+IF($G3<>"",4,0)+IF($H3<>"",4,0)+IF($I3<>"",4,0)+IF($J3<>"",4,0)+IF($K3<>"",4,0)+IF($L3<>"",10,0)+IF($M3<>"",20,0)+IF($N3<>"",7,0)+IF($O3<>"",4,0)+IF($P3<>"",4,0)+IF($Q3<>"",4,0) | T3: =IF($S3>=70,"High",IF($S3>=40,"Medium","Low"))
S4: =IF(LEN($D4)>=17,15,IF($D4<>"",8,0))+IF($E4<>"",8,0)+IF($F4<>"",8,0)+IF($G4<>"",4,0)+IF($H4<>"",4,0)+IF($I4<>"",4,0)+IF($J4<>"",4,0)+IF($K4<>"",4,0)+IF($L4<>"",10,0)+IF($M4<>"",20,0)+IF($N4<>"",7,0)+IF($O4<>"",4,0)+IF($P4<>"",4,0)+IF($Q4<>"",4,0) | T4: =IF($S4>=70,"High",IF($S4>=40,"Medium","Low"))
S5: =IF(LEN($D5)>=17,15,IF($D5<>"",8,0))+IF($E5<>"",8,0)+IF($F5<>"",8,0)+IF($G5<>"",4,0)+IF($H5<>"",4,0)+IF($I5<>"",4,0)+IF($J5<>"",4,0)+IF($K5<>"",4,0)+IF($L5<>"",10,0)+IF($M5<>"",20,0)+IF($N5<>"",7,0)+IF($O5<>"",4,0)+IF($P5<>"",4,0)+IF($Q5<>"",4,0) | T5: =IF($S5>=70,"High",IF($S5>=40,"Medium","Low"))
S6: =IF(LEN($D6)>=17,15,IF($D6<>"",8,0))+IF($E6<>"",8,0)+IF($F6<>"",8,0)+IF($G6<>"",4,0)+IF($H6<>"",4,0)+IF($I6<>"",4,0)+IF($J6<>"",4,0)+IF($K6<>"",4,0)+IF($L6<>"",10,0)+IF($M6<>"",20,0)+IF($N6<>"",7,0)+IF($O6<>"",4,0)+IF($P6<>"",4,0)+IF($Q6<>"",4,0) | T6: =IF($S6>=70,"High",IF($S6>=40,"Medium","Low"))
S7: =IF(LEN($D7)>=17,15,IF($D7<>"",8,0))+IF($E7<>"",8,0)+IF($F7<>"",8,0)+IF($G7<>"",4,0)+IF($H7<>"",4,0)+IF($I7<>"",4,0)+IF($J7<>"",4,0)+IF($K7<>"",4,0)+IF($L7<>"",10,0)+IF($M7<>"",20,0)+IF($N7<>"",7,0)+IF($O7<>"",4,0)+IF($P7<>"",4,0)+IF($Q7<>"",4,0) | T7: =IF($S7>=70,"High",IF($S7>=40,"Medium","Low"))
S8: =IF(LEN($D8)>=17,15,IF($D8<>"",8,0))+IF($E8<>"",8,0)+IF($F8<>"",8,0)+IF($G8<>"",4,0)+IF($H8<>"",4,0)+IF($I8<>"",4,0)+IF($J8<>"",4,0)+IF($K8<>"",4,0)+IF($L8<>"",10,0)+IF($M8<>"",20,0)+IF($N8<>"",7,0)+IF($O8<>"",4,0)+IF($P8<>"",4,0)+IF($Q8<>"",4,0) | T8: =IF($S8>=70,"High",IF($S8>=40,"Medium","Low"))
S9: =IF(LEN($D9)>=17,15,IF($D9<>"",8,0))+IF($E9<>"",8,0)+IF($F9<>"",8,0)+IF($G9<>"",4,0)+IF($H9<>"",4,0)+IF($I9<>"",4,0)+IF($J9<>"",4,0)+IF($K9<>"",4,0)+IF($L9<>"",10,0)+IF($M9<>"",20,0)+IF($N9<>"",7,0)+IF($O9<>"",4,0)+IF($P9<>"",4,0)+IF($Q9<>"",4,0) | T9: =IF($S9>=70,"High",IF($S9>=40,"Medium","Low"))
S10: =IF(LEN($D10)>=17,15,IF($D10<>"",8,0))+IF($E10<>"",8,0)+IF($F10<>"",8,0)+IF($G10<>"",4,0)+IF($H10<>"",4,0)+IF($I10<>"",4,0)+IF($J10<>"",4,0)+IF($K10<>"",4,0)+IF($L10<>"",10,0)+IF($M10<>"",20,0)+IF($N10<>"",7,0)+IF($O10<>"",4,0)+IF($P10<>"",4,0)+IF($Q10<>"",4,0) | T10: =IF($S10>=70,"High",IF($S10>=40,"Medium","Low"))
S11: =IF(LEN($D11)>=17,15,IF($D11<>"",8,0))+IF($E11<>"",8,0)+IF($F11<>"",8,0)+IF($G11<>"",4,0)+IF($H11<>"",4,0)+IF($I11<>"",4,0)+IF($J11<>"",4,0)+IF($K11<>"",4,0)+IF($L11<>"",10,0)+IF($M11<>"",20,0)+IF($N11<>"",7,0)+IF($O11<>"",4,0)+IF($P11<>"",4,0)+IF($Q11<>"",4,0) | T11: =IF($S11>=70,"High",IF($S11>=40,"Medium","Low"))
S12: =IF(LEN($D12)>=17,15,IF($D12<>"",8,0))+IF($E12<>"",8,0)+IF($F12<>"",8,0)+IF($G12<>"",4,0)+IF($H12<>"",4,0)+IF($I12<>"",4,0)+IF($J12<>"",4,0)+IF($K12<>"",4,0)+IF($L12<>"",10,0)+IF($M12<>"",20,0)+IF($N12<>"",7,0)+IF($O12<>"",4,0)+IF($P12<>"",4,0)+IF($Q12<>"",4,0) | T12: =IF($S12>=70,"High",IF($S12>=40,"Medium","Low"))
S13: =IF(LEN($D13)>=17,15,IF($D13<>"",8,0))+IF($E13<>"",8,0)+IF($F13<>"",8,0)+IF($G13<>"",4,0)+IF($H13<>"",4,0)+IF($I13<>"",4,0)+IF($J13<>"",4,0)+IF($K13<>"",4,0)+IF($L13<>"",10,0)+IF($M13<>"",20,0)+IF($N13<>"",7,0)+IF($O13<>"",4,0)+IF($P13<>"",4,0)+IF($Q13<>"",4,0) | T13: =IF($S13>=70,"High",IF($S13>=40,"Medium","Low"))
S14: =IF(LEN($D14)>=17,15,IF($D14<>"",8,0))+IF($E14<>"",8,0)+IF($F14<>"",8,0)+IF($G14<>"",4,0)+IF($H14<>"",4,0)+IF($I14<>"",4,0)+IF($J14<>"",4,0)+IF($K14<>"",4,0)+IF($L14<>"",10,0)+IF($M14<>"",20,0)+IF($N14<>"",7,0)+IF($O14<>"",4,0)+IF($P14<>"",4,0)+IF($Q14<>"",4,0) | T14: =IF($S14>=70,"High",IF($S14>=40,"Medium","Low"))
... S101: =IF(LEN($D101)>=17,15,IF($D101<>"",8,0))+IF($E101<>"",8,0)+IF($F101<>"",8,0)+IF($G101<>"",4,0)+IF($H101<>"",4,0)+IF($I101<>"",4,0)+IF($J101<>"",4,0)+IF($K101<>"",4,0)+IF($L101<>"",10,0)+IF($M101<>"",20,0)+IF($N101<>"",7,0)+IF($O101<>"",4,0)+IF($P101<>"",4,0)+IF($Q101<>"",4,0) | T101: =IF($S101>=70,"High",IF($S101>=40,"Medium","Low"))

Sheet Summary
A1: Kategori | B1: Antal
A2: High | B2: =COUNTIF(ScoreCalc!$T$2:$T$1000,"High")
A3: Medium | B3: =COUNTIF(ScoreCalc!$T$2:$T$1000,"Medium")
A4: Low | B4: =COUNTIF(ScoreCalc!$T$2:$T$1000,"Low")
